event_id,source,source_name,tribe_arabic,tribe_english,region_arabic,region_english,region_key,lat,lon,year_ah,incorporation_mode,commander_arabic,commander_english,rebel_leader_arabic,rebel_leader_english,battle_site_arabic,battle_site_english,confidence,notes,evidence,cross_refs,is_cross_ref
T001,tabari,al-Ṭabarī,مذحج,Madḥij,اليمن,al-Yaman,yaman,15.35,44.2,11,SUBMISSION,عامر بن شهر الهمداني,ʿĀmir ibn Shahr al-Hamdānī,الأسود العنسي,al-Aswad al-ʿAnsī,,,0.85,Madḥij initially supported al-Aswad but ʿĀmir ibn Shahr opposed him,أول من اعترض على العنسي وكاثره عامر بن شهر الهمداني في ناحيته | طابقه عوام مذحج,,False
T002,tabari,al-Ṭabarī,عك,ʿAkk,تهامة,Tihāma,tihama,14.8,43.3,11,SUBMISSION,,,الأسود العنسي,al-Aswad al-ʿAnsī,,,0.8,Tribe of ʿAkk opposed al-Aswad al-ʿAnsī,وعك بتهامة معترضون عليه,,False
T003,tabari,al-Ṭabarī,همدان,Hamdān,اليمن,al-Yaman,yaman,15.35,44.21,11,MIXED,عامر بن شهر,ʿĀmir ibn Shahr,الأسود العنسي,al-Aswad al-ʿAnsī,صنعاء,Ṣanʿāʾ,0.9,Hamdānī chiefs opposed al-Aswad and offered support to Muslim resistance,جاءنا اعتراض عامر ابن شهر وذي زود وذي مران وذي الكلاع وذي ظليم عليه | وكاتبونا وبذلوا لنا النصر,,False
T004,tabari,al-Ṭabarī,حمير,Ḥimyar,اليمن,al-Yaman,yaman,15.35,44.2,11,SUBMISSION,,,الأسود العنسي,al-Aswad al-ʿAnsī,,,0.75,Ḥimyarī tribes were being contacted for resistance against al-Aswad,وعجلنا عن مراسلة الهمدانيين والحميريين,,False
T005,tabari,al-Ṭabarī,مراد,Murād,اليمن,al-Yaman,yaman,15.35,44.2,11,SUBJUGATION,قيس بن عبد يغوث المرادي,Qays ibn ʿAbd Yaghūth al-Murādī,الأسود العنسي,al-Aswad al-ʿAnsī,,,0.85,Qays ibn ʿAbd Yaghūth from Murād initially served al-Aswad but later joined the conspiracy to kill him,وكان قواده قيس بن عبد يغوث المرادي | قتلنا الأسود، وعاد أمرنا كما كان,,False
T006,tabari,al-Ṭabarī,بنو العنسي,Banū al-ʿAnsī,اليمن,al-Yaman,yaman,15.35,44.2,11,SUBJUGATION,غير مذكور,not mentioned,الأسود العنسي,al-Aswad al-ʿAnsī,اليمن,al-Yaman,0.9,First war against apostates after Prophet's death,فأول حرب كانت في الردة بعد وفاة النبي(ص) حرب العنسي، وقد كانت حرب العنسي باليمن,,False
T007,tabari,al-Ṭabarī,غطفان,Ghaṭafān,غطفان,Ghaṭafān,najd,26.0,42.0,11,SUBJUGATION,أبو بكر,Abū Bakr,خارجة بن حصن ومنظور بن زبان,Khārija ibn Ḥiṣn wa-Manẓūr ibn Zabān,غطفان,Ghaṭafān,0.95,Early battle in Ridda Wars against Ghaṭafān tribes,ثم حرب خارجة بن حصن ومنظور بن زبان بن سيار في غطفان، والمسلمون غارون | ثم هزم الله المشركين,,False
T008,tabari,al-Ṭabarī,بنو أسد,Banū Asad,سميراء,Samīrāʾ,najd,26.5,42.8,11,SUBJUGATION,غير محدد,not specified,طليحة,Ṭulayḥa,سميراء,Samīrāʾ,0.9,Banū Asad joined the false prophet Ṭulayḥa,واجتمع على طليحة عوام طيئ وأسد | اجتمعت أسد بسميراء,,False
T009,tabari,al-Ṭabarī,طيئ,Ṭayyiʾ,حدود أرضهم,ḥudūd arḍihim,hijaz,24.5,40.0,11,SUBJUGATION,غير محدد,not specified,طليحة,Ṭulayḥa,حدود أرضهم,ḥudūd arḍihim,0.9,Ṭayyiʾ tribe joined Ṭulayḥa's rebellion,واجتمع على طليحة عوام طيئ وأسد | وطيئ على حدود أرضهم,,False
T010,tabari,al-Ṭabarī,فزارة,Fazāra,جنوب طيبة,janūb Ṭayba,hijaz,24.3,39.5,11,SUBJUGATION,غير محدد,not specified,طليحة,Ṭulayḥa,جنوب طيبة,janūb Ṭayba,0.85,Part of Ghaṭafān confederation that rebelled,وفزارة ومن يليهم من غطفان بجنوب طيبة,,False
T011,tabari,al-Ṭabarī,ثعلبة بن سعد,Thaʿlaba ibn Saʿd,الأبرق من الربذة,al-Abraq min al-Rabadha,najd,25.0,42.5,11,SUBJUGATION,أبو بكر,Abū Bakr,الحارث,al-Ḥārith,الأبرق,al-Abraq,0.9,Gathered at al-Abraq and fought against Abū Bakr,واجتمعت ثعلبة بن سعد ومن يليهم من مرة وعبس بالأبرق من الربذة | فقاتلهم قبل رجوع أسامة,,False
T012,tabari,al-Ṭabarī,عبس,ʿAbs,الأبرق من الربذة,al-Abraq min al-Rabadha,najd,25.0,42.5,11,SUBJUGATION,أبو بكر,Abū Bakr,الحارث,al-Ḥārith,الأبرق,al-Abraq,0.95,"First to attack Abū Bakr, later defeated at al-Abraq",وكان أول من صادم عبس وذبيان، عاجلوه فقاتلهم قبل رجوع أسامة | فهزم الله الحارث وعوفا، وأخذ الحطيئة أسيرا، فطارت عبس,,False
T013,tabari,al-Ṭabarī,ذبيان,Dhubyān,الأبرق من الربذة,al-Abraq min al-Rabadha,najd,24.8,40.5,11,SUBJUGATION,أبو بكر,Abū Bakr,حبال,Ḥibāl,ذو القصة,Dhū al-Qaṣṣa,0.95,"Defeated by Abū Bakr at Dhū al-Qaṣṣa, their leader Ḥibāl was killed",وكان أول من صادم عبس وذبيان، عاجلوه فقاتلهم قبل رجوع أسامة | فما ذر قرن الشمس حتى ولوهم الأدبار، وغلبوهم على عامة ظهرهم، وقتل حبال,,False
T014,tabari,al-Ṭabarī,كلب,Kalb,قضاعة,Quḍāʿa,sham,29.81,39.87,11,MIXED,أسامة,Usāma,وديعة الكلبي,Wadīʿa al-Kalbī,دومة,Dūma,0.85,"Part of Kalb apostatized under Wadīʿa, but Imruʾ al-Qays remained Muslim",فارتد وديعة الكلبي فيمن آزره من كلب، وبقي امرؤ القيس على دينه | فخرجوا هرابا، حتى أرزوا إلى دومة,,False
T015,tabari,al-Ṭabarī,بنو القين,Banū al-Qayn,قضاعة,Quḍāʿa,sham,28.0,37.0,11,MIXED,أسامة,Usāma,زميل بن قطبة القيني,Zumayl ibn Quṭba al-Qaynī,قضاعة,Quḍāʿa,0.8,"Part apostatized under Zumayl, but ʿAmr remained loyal",وارتد زميل بن قطبة القيني فيمن آزره من بني القين وبقي عمرو,,False
T016,tabari,al-Ṭabarī,سعد هذيم,Saʿd Hudhaym,قضاعة,Quḍāʿa,sham,28.0,37.0,11,SUBJUGATION,أسامة,Usāma,معاوية,Muʿāwiya,قضاعة,Quḍāʿa,0.8,Apostatized under Muʿāwiya during Usāma's campaign,وارتد معاوية فيمن آزره من سعد هذيم,,False
T017,tabari,al-Ṭabarī,بنو أسد,Banū Asad,الغمر,al-Ghamir,najd,27.5,43.5,11,SUBJUGATION,خالد بن الوليد,Khālid ibn al-Walīd,طليحة,Ṭulayḥa,البزاخة,al-Bazākha,0.95,"Major battle at al-Bazākha where Ṭulayḥa was defeated by Khālid, with ʿUyayna ibn Ḥiṣn fighting alongside the false prophet",قاتل عيينه مع طليحة في سبعمائة من بنى فزاره قتالا شديدا | ضرس القتال وهزته الحرب | فانصرفوا وانهزم الناس فغشوا طليحة | وقتل الله من قتل منهم,,False
T018,tabari,al-Ṭabarī,بنو فزارة,Banū Fazāra,البزاخة,al-Bazākha,najd,27.5,43.5,11,SUBJUGATION,خالد بن الوليد,Khālid ibn al-Walīd,عيينة بن حصن,ʿUyayna ibn Ḥiṣn,البزاخة,al-Bazākha,0.9,"Fazāra fought with 700 men under ʿUyayna ibn Ḥiṣn supporting Ṭulayḥa, later defeated and ʿUyayna was captured",قاتل عيينه مع طليحة في سبعمائة من بنى فزاره قتالا شديدا | فانصرفوا وانهزم الناس | اوثق عيينه بن حصن,"W016, W021",False
T019,tabari,al-Ṭabarī,بنو عامر,Banū ʿĀmir,نجد,Najd,najd,25.0,45.0,11,MIXED,خالد بن الوليد,Khālid ibn al-Walīd,قرة بن هبيرة,Qura ibn Hubayra,,,0.85,"Banū ʿĀmir submitted after the defeat at al-Bazākha, with their leader Qura ibn Hubayra captured but later pardoned",اقبلت بنو عامر بعد هزيمه اهل بزاخه يقولون: ندخل فيما خرجنا منه | فبايعهم على ما بايع عليه اهل البزاخه | اوثق عيينه بن حصن وقره بن هبيرة,,False
T020,tabari,al-Ṭabarī,غطفان,Ghaṭafān,ظفر,Ẓafar,yaman,14.2,44.4,11,SUBJUGATION,خالد بن الوليد,Khālid ibn al-Walīd,أم زمل سلمى,Umm Zaml Salmā,ظفر,Ẓafar,0.9,"Remnants of Ghaṭafān gathered around Umm Zaml at Ẓafar, fought fiercely but were defeated with 100 men killed around her camel",اجتمعت فلال غطفان الى ظفر | فاقتتلوا قتالا شديدا | فعقروه وقتلوها | وقتل حول جملها مائه رجل,,False
T021,tabari,al-Ṭabarī,طيء,Ṭayyiʾ,نجد,Najd,najd,25.0,45.0,11,MIXED,خالد بن الوليد,Khālid ibn al-Walīd,عوف الجذمي,ʿAwf al-Jadhamī,,,0.8,"Ṭayyiʾ cavalry initially skirmished with Asad and Fazāra, then submitted after the Battle of al-Bazākha",ان خيل طيئ كانت تلقى خيل بنى اسد وفزاره قبل قدوم خالد عليهم فيتشامون | وارسل اليه ثمامة بن أوس بن لام الطائي | فبايعهم على ما بايع عليه اهل البزاخه من اسد وغطفان وطيئ,,False
T022,tabari,al-Ṭabarī,بنو سليم,Banū Sulaym,الجواء,al-Jawāʾ,najd,26.2,43.8,11,SUBJUGATION,طريفة بن حاجز,Ṭarīfa ibn Ḥājiz,الفجاءة إياس,al-Fujāʾa Iyās,الجواء,al-Jawāʾ,0.9,"Al-Fujāʾa Iyās raided Muslims among Sulaym, was defeated at al-Jawāʾ and burned alive by order of Abū Bakr",فشنها غاره على كل مسلم في سليم وعامر وهوازن | فاقتتلوا، فقتل نجبه، وهرب الفجاءه | فحرقه فيه بالنار,,False
T023,tabari,al-Ṭabarī,بنو تميم,Banū Tamīm,البحرين,al-Baḥrayn,bahrayn,26.0,50.55,11,MIXED,,,مالك بن نويرة,Mālik ibn Nuwayra,,,0.75,Various Tamīm sub-tribes had different responses - some governors remained loyal while others like Mālik ibn Nuwayra rebelled,ومالك بن نويره على بنى حنظله | فضرب صفوان الى ابى بكر حين وقع اليه الخبر بموت النبي(ص)بصدقات بنى عمرو | واقام سبره في قومه لحدث ان ناب القوم,,False
T024,tabari,al-Ṭabarī,بنو تميم,Banū Tamīm,البطاح,al-Biṭāḥ,najd,26.0,44.0,12,MIXED,خالد بن الوليد,Khālid ibn al-Walīd,سجاح بنت الحارث,Sajāḥ bint al-Ḥārith,البطاح,al-Biṭāḥ,0.9,"Sajāḥ, false prophetess from Jazīra, formed alliance with some Tamīm clans including Mālik ibn Nuwayra before Khālid's arrival",فجئتهم سجاح بنت الحارث قد اقبلت من الجزيرة | وكانت ورهطها في بنى تغلب تقود افناء ربيعه | فتنبت بعد موت رسول الله(ص)بالجزيرة في بنى تغلب | راسلت مالك بن نويره ودعته الى الموادعة,,False
T025,tabari,al-Ṭabarī,بنو يربوع,Banū Yarbūʿ,البطاح,al-Biṭāḥ,najd,26.0,44.0,12,SUBJUGATION,خالد بن الوليد,Khālid ibn al-Walīd,مالك بن نويره,Mālik ibn Nuwayra,البطاح,al-Biṭāḥ,0.95,Mālik ibn Nuwayra executed by Khālid's forces after confusion over his status; controversial incident involving marriage to his widow,فجاءته الخيل بمالك بن نويره في نفر معه من بنى ثعلبه بن يربوع | فقتل ضرار بن الأزور مالكا | وتزوج خالد أم تميم ابنه المنهال | قتلت امرا مسلما، ثم نزوت على امراته,W022,False
T026,tabari,al-Ṭabarī,بنو حنيفة,Banū Ḥanīfa,اليمامة,al-Yamāma,yamama,24.15,47.3,12,SUBJUGATION,خالد بن الوليد,Khālid ibn al-Walīd,مسيلمة,Musaylima,اليمامة,al-Yamāma,0.95,"Major campaign against Musaylima and Banū Ḥanīfa; 40,000 fighters mentioned; text ends before describing the final battle",ووجهه الى مسيلمه واوعب معه الناس | فسار خالد حتى اتى اليمامه وبنو حنيفه يومئذ كثير | كان عدد بنى حنيفه يومئذ اربعين الف مقاتل | وكان مسيلمه يصانع كل احد ويتالفه,"T028, T031, T051, B004, W024, W026, W027",False
T027,tabari,al-Ṭabarī,بنو تغلب,Banū Taghlib,الجزيرة,al-Jazīra,jazira,36.0,41.0,12,SUBMISSION,,,سجاح بنت الحارث,Sajāḥ bint al-Ḥārith,,,0.85,Sajāḥ's base tribe; later returned to Islam under Muʿāwiya and were relocated to Kūfa,وكانت ورهطها في بنى تغلب تقود افناء ربيعه | فتنبت بعد موت رسول الله(ص)بالجزيرة في بنى تغلب | فلم تزل سجاح في بنى تغلب، حتى نقلهم معاويه عام الجماعه | وجاءت معهم وحسن إسلامها,,False
T028,tabari,al-Ṭabarī,بنو حنيفة,Banū Ḥanīfa,اليمامة,al-Yamāma,yamama,24.2,47.35,12,SUBJUGATION,خالد بن الوليد,Khālid ibn al-Walīd,مسيلمة,Musaylima,عقرباء,ʿAqrabāʾ,0.95,Major battle of ʿAqrabāʾ where Musaylima was killed and Banū Ḥanīfa was decisively defeated by Khālid's forces,فبعث اليهم ابو بكر خالدا، فسار حتى إذا بلغ ثنية اليمامه | فخرج مسيلمه وبنو حنيفه حين سمعوا بخالد، فنزلوا بعقرباء | فاقتتلوا بعقرباء | فانهزمت بنو حنيفه | وقتل وحشى مسيلمه,"T026, T031, T051, B004, W024, W026, W027",False
T029,tabari,al-Ṭabarī,بنو حنيفة,Banū Ḥanīfa,اليمامة,al-Yamāma,yamama,24.15,47.3,12,SUBJUGATION,خالد بن الوليد,Khālid ibn al-Walīd,مجاعة بن مرارة,Mujāʿa ibn Murāra,ثنية اليمامة,Thaniyyat al-Yamāma,0.9,"Pre-battle encounter where Khālid captured Mujāʿa ibn Murāra, chief of Banū Ḥanīfa, and killed his companions",استقبل مجاعه ابن مرارة- وكان سيد بنى حنيفه- في جبل من قومه | فبيتهم خالد في معرسهم | فامر بهم خالد فضربت أعناقهم، واستحيا مجاعه,"W024, W026, W028",False
T030,tabari,al-Ṭabarī,بنو عامر,Banū ʿĀmir,اليمامة,al-Yamāma,yamama,24.2,47.35,12,SUBJUGATION,خالد بن الوليد,Khālid ibn al-Walīd,الأغلب بن عامر,al-Aghlab ibn ʿĀmir,عقرباء,ʿAqrabāʾ,0.8,Sub-tribe of Banū Ḥanīfa that participated in the battle of ʿAqrabāʾ; al-Aghlab feigned death during the defeat,كان رجل من بنى عامر بن حنيفه يدعى الاغلب بن عامر بن حنيفه | فلما انهزم المشركون يومئذ، واحاط المسلمون بهم، تماوت,,False
T031,tabari,al-Ṭabarī,بنو حنيفة,Banū Ḥanīfa,اليمامة,al-Yamāma,yamama,24.2,47.35,12,MIXED,خالد بن الوليد,Khālid ibn al-Walīd,مسيلمة,Musaylima,عقرباء,ʿAqrabāʾ,0.95,"Major battle followed by negotiated peace treaty. Khālid defeated Musaylima in battle, then negotiated surrender terms with Mujāʿa ibn Murāra involving tribute and prisoners.",لما فرغ خالد من مسيلمة والجند | فصالحه على كل شيء دون النفوس | وقتل من بني حنيفة في الفضاء بعقرباء سبعة آلاف، وفي حديقة الموت سبعة آلاف | فصالحه على الصفراء والبيضاء والحلقة ونصف السبي | وتتابع بنو حنيفة على البراء مما كانوا عليه، وعلى الإسلام,"T026, T028, T051, B004, W024, W026, W027",False
T032,tabari,al-Ṭabarī,عبد القيس,ʿAbd al-Qays,البحرين,al-Baḥrayn,bahrayn,26.0,50.55,11,SUBMISSION,العلاء بن الحضرمي,al-ʿAlāʾ ibn al-Ḥaḍramī,,,,,0.9,"ʿAbd al-Qays returned to Islam voluntarily under leadership of al-Jārūd ibn al-Muʿallā, without military conflict.",فأما عبد القيس ففاءت، وأما بكر فتمت على ردتها | وكان الذي ثنى عبد القيس الجارود حتى فاءوا | فثبت على الإسلام ومن معه من قومه | ولم يبسطوا ولم يبسط إليهم,W031,False
T033,tabari,al-Ṭabarī,بكر بن وائل,Bakr ibn Wāʾil,البحرين,al-Baḥrayn,bahrayn,25.38,49.6,11,SUBJUGATION,العلاء بن الحضرمي,al-ʿAlāʾ ibn al-Ḥaḍramī,الحطم بن ضبيعة,al-Ḥuṭam ibn Ḍubayʿa,هجر,Hajar,0.95,Major military campaign against al-Ḥuṭam ibn Ḍubayʿa and Bakr tribe. Extended siege warfare ending with night assault and killing of rebel leader.,خرج الحطم بن ضبيعة أخو بني قيس بن ثعلبة فيمن اتبعه من بكر بن وائل على الردة | وخندق المسلمون والمشركون، وكانوا يتراوحون القتال | فخرج المسلمون عليهم حتى اقتحموا عليهم عسكرهم، فوضعوا السيوف فيهم حيث شاءوا | فقتله قيس بن عاصم,"W011, W030",False
T034,tabari,al-Ṭabarī,الرباب,al-Ribāb,نجد,Najd,najd,25.0,45.0,11,SUBMISSION,العلاء بن الحضرمي,al-ʿAlāʾ ibn al-Ḥaḍramī,,,,,0.85,"al-Ribāb tribal confederation joined al-ʿAlāʾ's forces voluntarily, providing significant military support equal to his existing army.",فلما دنا منا ونحن في عليا البلاد لم يكن أحد له فرس من الرباب وعمرو بن تميم إلا جنبه، ثم استقبله | وخرج معه من عمرو وسعد الرباب مثل عسكره | فأكرمه العلاء، وخرج مع العلاء من عمرو وسعد الرباب مثل عسكره,,False
T035,tabari,al-Ṭabarī,بكر بن وائل,Bakr ibn Wāʾil,البحرين,al-Baḥrayn,bahrayn,26.0,50.55,11,MIXED,العلاء بن الحضرمي,al-ʿAlāʾ ibn al-Ḥaḍramī,الحطم,al-Ḥuṭam,دارين,Dārīn,0.9,Battle against apostate tribes at Dārīn. Mixed mode due to some voluntary submissions and armed conflict.,وارسل الى عتيبة بن النهاس والى عامر بن عبد الأسود بلزوم ما هم عليه والقعود لأهل الرده بكل سبيل | فمنهم من أناب، فقبلوا منه واشتملوا عليه، ومنهم من ابى ولج فمنع من الرجوع | فاقتتلوا قتالا شديدا، فما تركوا بها مخبرا وسبوا الذراري,"W011, W030",False
T036,tabari,al-Ṭabarī,الأزد,al-Azd,عمان,ʿUmān,uman,25.62,56.27,11,SUBJUGATION,حذيفة بن محصن,Ḥudhayfa ibn Muḥṣin,لقيط بن مالك,Laqīṭ ibn Mālik,دبا,Dabā,1.0,"Major battle at Dabā against the false prophet Laqīṭ ibn Mālik. Clear military subjugation with 10,000 enemy killed.",نبغ بعمان ذو التاج لقيط بن مالك الأزدي، وكان يسامى في الجاهلية الجلندى، وادعى بمثل ما ادعى به من كان نبيا | فالتقوا على دبا، وقد جمع لقيط العيالات، فجعلهم وراء صفوفهم | فاقتتلوا بدبا قتالا شديدا، وكاد لقيط يستعلى الناس | فقتلوا منهم في المعركة عشره آلاف,,False
T037,tabari,al-Ṭabarī,مهره,Mahra,النجد,al-Najd,najd,25.0,45.0,11,MIXED,عكرمة,ʿIkrima,المصبح,al-Muṣbiḥ,النجد,al-Najd,0.9,"Mixed incorporation: some tribal leaders like Shukhrīt submitted voluntarily, while al-Muṣbiḥ's faction was defeated militarily.",فكانا مختلفين، كل واحد من الرئيسين يدعو الآخر الى نفسه | ولما راى عكرمه قله من مع شخريت دعاه الى الرجوع الى الاسلام، فكان لاول الدعاء، فأجابه | فالتقوا هم والمصبح بالنجد، فاقتتلوا أشد من قتال دبا | ثم ان الله كشف جنود المرتدين، وقتل رئيسهم,,False
T038,tabari,al-Ṭabarī,عك,ʿAkk,تهامة,Tihāma,tihama,14.8,43.3,11,SUBJUGATION,الطاهر بن أبي هالة,al-Ṭāhir ibn Abī Hāla,,,الأعلاب,al-Aʿlāb,1.0,Battle against the 'Akhabāth (wicked ones) of ʿAkk and allied tribes. Complete military victory with heavy enemy casualties.,تجمع منهم طخارير، فاقبل اليهم طخارير من الاشعرين وخضم فانضموا اليهم | فالتقوا فاقتتلوا، فهزمهم الله، وقتلوهم كل قتله، وانتنت السبل لقتلهم | وكان مقتلهم فتحا عظيما | فسميت تلك الجموع من عك ومن تأشب اليهم الى اليوم الأخابث,,False
T039,tabari,al-Ṭabarī,مدلج,Mudlij,تهامة,Tihāma,tihama,14.8,43.3,11,SUBJUGATION,خالد بن أسيد,Khālid ibn Usayd,جندب بن سلمى,Jundab ibn Salmā,الأبارق,al-Abāriq,0.9,Military campaign against Mudlij and allied tribes under Jundab ibn Salmā. Heavy casualties inflicted on Banū Shanūq.,وقد تجمعت بها جماع من مدلج، وتأشب اليهم شذاذ من خزاعة وافناء كنانه، عليهم جندب بن سلمى | فالتقوا بالابارق، ففرقهم وقتلهم، واستحر القتل في بنى شنوق,,False
T040,tabari,al-Ṭabarī,خولان,Khawlān,اليمن,al-Yaman,yaman,15.35,44.2,11,SUBMISSION,,,فيروز,Fīrūz,جبل خولان,Jabal Khawlān,0.85,"Khawlān tribe provided protection to Fīrūz after al-Aswad al-ʿAnsī's death, acting as his maternal uncles",فانتهيا الى خولان وامتنع فيروز بأخواله | ولما أوى فيروز الى أخواله خولان فمنعوه وتأشب اليه الناس,,False
T041,tabari,al-Ṭabarī,بنو عقيل بن ربيعة بن عامر بن صعصعة,Banū ʿAqīl ibn Rabīʿa ibn ʿĀmir ibn Ṣaʿṣaʿa,اليمن,al-Yaman,yaman,15.35,44.2,11,SUBJUGATION,,,فيروز,Fīrūz,,,0.9,"Banū ʿAqīl allied with Fīrūz against Qays, engaging in military action to rescue families",وارسل الى بنى عقيل بن ربيعه بن عامر بن صعصعة رسولا بانه متخفر بهم، يستمدهم ويستنصرهم | فركبت عقيل وعليهم رجل من الحلفاء يقال له معاويه، فاعترضوا خيل قيس فتنقذوا أولئك العيال، وقتلوا الذين سيروهم,,False
T042,tabari,al-Ṭabarī,عك,ʿAkk,اليمن,al-Yaman,yaman,15.35,44.2,11,SUBJUGATION,,,فيروز,Fīrūz,,,0.9,ʿAkk tribe under Masrūq allied with Fīrūz in military operations against Qays,وارسل الى عك رسولا يستمدهم ويستنصرهم على الذين يزعجون اثقال الأبناء | ووثبت عك، وعليهم مسروق، فساروا حتى تنقذوا عيالات الأبناء,,False
T043,tabari,al-Ṭabarī,مراد,Murād,اليمن,al-Yaman,yaman,15.35,44.2,11,MIXED,,,الأسود العنسي,al-Aswad al-ʿAnsī,,,0.85,"Murād had mixed loyalties - some remained with Farwa ibn Masīk on Islam, others followed al-Aswad",فاستعمله رسول الله (صلى الله عليه وسلم) على صدقات مراد ومن نازلهم او نزل دارهم | فلما ارتد العنسي واتبعه عوام مذحج، اعتزل فروه فيمن اقام معه على الاسلام,,False
T044,tabari,al-Ṭabarī,النخع,al-Nakhaʿ,أبين,Abyan,yaman,13.05,45.37,12,SUBMISSION,عكرمة,ʿIkrima,,,أبين,Abyan,0.9,"Al-Nakhaʿ submitted voluntarily to ʿIkrima, claiming they maintained religious principles",فجمع النخع بعد من أصاب من مدبريهم فقال لهم: كيف كنتم في هذا الأمر؟ فقالوا له: كنا في الجاهلية اهل دين | واستبرأ النخع وحمير، واقام لاجتماعهم,,False
T045,tabari,al-Ṭabarī,حمير,Ḥimyar,أبين,Abyan,yaman,13.05,45.37,12,SUBMISSION,عكرمة,ʿIkrima,,,أبين,Abyan,0.8,Ḥimyar examined and cleared by ʿIkrima alongside al-Nakhaʿ,واستبرأ النخع وحمير، واقام لاجتماعهم,,False
T046,tabari,al-Ṭabarī,كندة,Kinda,حضرموت,Ḥaḍramawt,yamama,24.1,47.28,12,SUBJUGATION,المهاجر بن أبي أمية,al-Muhājir ibn Abī Umayya,الأشعث بن قيس,al-Ashʿath ibn Qays,محجر الزرقان,Miḥjar al-Zurqān,0.95,"Major Ridda campaign against Kinda under al-Ashʿath, involving siege at al-Nujayr fortress",كان سبب رده كنده اجابتهم الأسود العنسي | فالتقوا بمحجر الزرقان فاقتتلوا به فهزمت كنده، وقتلت وخرجوا هرابا | والتجأت الى النجير وقد رموه وحصنوه,"T050, B010, B029, W034, W035, W043, W046, W047, W048",False
T047,tabari,al-Ṭabarī,بنو عمرو بن معاوية,Banū ʿAmr ibn Muʿāwiya,حضرموت,Ḥaḍramawt,hadramawt,15.95,48.78,12,SUBJUGATION,زياد بن لبيد,Ziyād ibn Labīd,,,الرياض,al-Riyāḍ,0.9,"Refused to pay zakāt, suffered major defeat with many leaders killed in night raid",ونادوا بمنع الصدقه | فأصابوا مشرحا ومخوصا وجمدا وابضعه وأختهم العمردة، أدركتهم اللعنه، وقتلوا فأكثروا | ووهنت بنو عمرو بن معاويه، فلم يأتوا بخير بعدها,,False
T048,tabari,al-Ṭabarī,بنو الحارث بن معاوية,Banū al-Ḥārith ibn Muʿāwiya,حضرموت,Ḥaḍramawt,hadramawt,15.8,48.5,12,SUBJUGATION,المهاجر بن أبي أمية,al-Muhājir ibn Abī Umayya,الأشعث بن قيس,al-Ashʿath ibn Qays,النجير,al-Nujayr,0.9,"Part of al-Ashʿath's coalition, participated in siege at al-Nujayr fortress",فثار في بنى الحارث فتنقذهم | فجمع اليه بنى الحارث بن معاويه وبنى عمرو بن معاويه، ومن أطاعه من السكاسك | وقد اجتمعت اليه كنده، فتحصنوا فيه,"W034, W035, W043, W046, W047, W048",False
T049,tabari,al-Ṭabarī,السكاسك,al-Sakāsik,حضرموت,Ḥaḍramawt,hadramawt,15.95,48.78,12,MIXED,عكاشة بن محصن,ʿUkāsha ibn Miḥṣan,,,,,0.8,"Mixed loyalties - some remained loyal, others joined the rebellion under al-Ashʿath",وعكاشة بن محصن على السكاسك والسكون | فان أقواما من السكاسك قد انضموا اليهم | ومن أطاعه من السكاسك والخصائص من قبائل ما حولهم,,False
T050,tabari,al-Ṭabarī,كندة,Kinda,حضرموت,Ḥaḍramawt,hadramawt,15.8,48.5,11,SUBJUGATION,المهاجر بن أبي أمية,al-Muhājir ibn Abī Umayya,الأشعث بن قيس,al-Ashʿath ibn Qays,النجير,al-Najīr,0.95,"Final subjugation of Kinda tribe at al-Najīr fortress. Al-Ashʿath negotiated amnesty for selected individuals but forgot to include himself, leading to his capture.",فلما فتح الباب اقتحمه المسلمون فلم يدعوا فيه مقاتلا الا قتلوه، ضربوا أعناقهم صبرا | واحصى الف امراه ممن في النجير والخندق | ووضع على السبى والفيء الاحراس,"T046, B010, B029, W034, W035, W043, W046, W047, W048",False
T051,tabari,al-Ṭabarī,بنو حنيفة,Banū Ḥanīfa,اليمامة,al-Yamāma,yamama,24.15,47.3,12,SUBJUGATION,خالد بن الوليد,Khālid ibn al-Walīd,مسيلمة,Musaylima,,,0.9,"Reference to completion of Yamāma campaign against Banū Ḥanīfa and Musaylima, with subsequent assignment to Iraq.",لما فرغ خالد من امر اليمامه، كتب اليه ابو بكر الصديق | فان خفف عنهم لقتل رجالهم,"T026, T028, T031, B004, W024, W026, W027",False
T052,tabari,al-Ṭabarī,بنو شيبان,Banū Shaybān,العراق,al-ʿIrāq,iraq,33.0,44.0,12,SUBMISSION,المثنى بن حارثة,al-Muthannā ibn Ḥāritha,,,,,0.85,"Al-Muthannā al-Shaybānī voluntarily came to Abū Bakr seeking appointment to fight Persians, indicating tribal submission and cooperation.",ان المثنى بن حارثة الشيبانى، سار حتى قدم على ابى بكر | فقال: أمرني على من قبلي من قومى، اقاتل من يليني من اهل فارس، واكفيك ناحيتي، ففعل ذلك,,False
T053,tabari,al-Ṭabarī,بنو كنانة,Banū Kināna,الشام,al-Shām,sham,33.5,36.3,12,SUBMISSION,خالد بن سعيد بن العاص,Khālid ibn Saʿīd ibn al-ʿĀṣ,,,,,0.7,Jarīr ibn ʿAbd Allāh from Banū Kināna sought permission to gather his scattered tribesmen and bring them under Muslim authority,كان جرير بن عبد الله ممن خرج مع خالد بن سعيد بن العاصي الى الشام | فاستأذن خالدا الى ابى بكر ليكلمه في قومه وليجمعهم له، وكانوا اوزاعا في العرب، وليتخلصهم,,False
T054,tabari,al-Ṭabarī,النمر وتغلب وإياد,al-Namir wa-Taghlib wa-Iyād,عين التمر,ʿAyn al-Tamr,iraq,32.47,43.6,12,SUBJUGATION,خالد بن الوليد,Khālid ibn al-Walīd,عقة بن أبي عقة,ʿAqqa ibn Abī ʿAqqa,عين التمر,ʿAyn al-Tamr,0.9,"Major battle at ʿAyn al-Tamr where apostate Arab tribes allied with Persians were defeated by Khālid, with mass executions following",وبها يومئذ مهران بن بهرام جوبين في جمع عظيم من العجم، وعقه بن ابى عقه في جمع عظيم من العرب من النمر وتغلب واياد ومن لافهم | فاحتضنه فأخذه أسيرا، وانهزم صفه من غير قتال | وامر خالد بعقه وكان خفير القوم فضربت عنقه | وضرب اعناق اهل الحصن اجمعين وسبى كل من حوى حصنهم,,False
T055,tabari,al-Ṭabarī,بهراء وكلب وغسان وتنوخ والضجاعم,"Bahrāʾ, Kalb, Ghassān, Tanūkh, and al-Ḍajāʿim",دومة الجندل,Dūmat al-Jandal,sham,29.81,39.87,12,SUBJUGATION,خالد بن الوليد,Khālid ibn al-Walīd,أكيدر بن عبد الملك والجودي بن ربيعة,Ukaydir ibn ʿAbd al-Malik and al-Jūdī ibn Rabīʿa,دومة الجندل,Dūmat al-Jandal,0.95,"Major battle at Dūmat al-Jandal where multiple tribes allied against Khālid. Clear subjugation through military conquest, execution of leaders, and taking of captives.",بعثوا الى أحزابهم من بهراء وكلب وغسان وتنوخ والضجاعم | فاقتتلوا، فهزم الله الجودي ووديعة على يدي خالد | اقبل خالد على الذين ارزوا الى الحصن فقتلهم حتى سد بهم باب الحصن | دعا خالد بالجودي فضرب عنقه، ودعا بالأسرى فضرب أعناقهم,,False
T056,tabari,al-Ṭabarī,كلب,Kalb,دومة الجندل,Dūmat al-Jandal,sham,29.81,39.87,12,MIXED,خالد بن الوليد,Khālid ibn al-Walīd,وديعة الكلبي,Wadīʿa al-Kalbī,دومة الجندل,Dūmat al-Jandal,0.9,"Kalb initially fought against Khālid but their prisoners were spared due to tribal alliance with Banū Tamīm, showing mixed outcome.",أخذ الأقرع بن حابس وديعة | الا أسارى كلب، فان عاصما والأقرع وبنى تميم قالوا: قد آمناهم، فاطلقهم لهم خالد | فقال عاصم بن عمرو: يا بنى تميم، حلفاؤكم كلب، آسوهم واجيروهم,,False
T057,tabari,al-Ṭabarī,ربيعة,Rabīʿa,العراق والجزيرة,al-ʿIrāq and al-Jazīra,iraq,33.5,43.0,12,SUBJUGATION,خالد بن الوليد,Khālid ibn al-Walīd,,,المصيخ,al-Maṣīkh,0.8,Rabīʿa tribes allied with Persian forces against Muslims in anger over ʿUqqa's fate.,وانتظر روزبه وزرمهر بالمسلمين اجتماع من كاتبهما من ربيعه، وقد كانوا تكاتبوا واتعدوا | ونزل ربيعه بن بجير بالثنى وبالبشر في عسكر غضبا لعقه,,False
T058,tabari,al-Ṭabarī,تغلب واياد والنمر,"Taghlib, Iyād, and al-Namir",الفراض,al-Firāḍ,iraq,33.2,42.0,12,SUBJUGATION,خالد بن الوليد,Khālid ibn al-Walīd,,,الفراض,al-Firāḍ,0.9,"Major battle at al-Firāḍ where these tribes supported Romans and Persians. Massive casualties reported (100,000 killed). Khālid had sworn to surprise Taghlib in their homeland.",واستمدوا تغلب واياد والنمر، فامدوهم، ثم ناهدوا خالدا | فقتل يوم الفراض في المعركة وفي الطلب مائه الف | وكانت على خالد يمين: ليبغتن تغلب في دارها,,False
T059,tabari,al-Ṭabarī,بنو تميم,Banū Tamīm,العراق,al-ʿIrāq,iraq,33.0,44.0,12,SUBMISSION,خالد بن الوليد,Khālid ibn al-Walīd,,,,,0.85,"Banū Tamīm appear to be allied with Muslim forces, intervening to save their tribal allies among Kalb prisoners.",فقال عاصم بن عمرو: يا بنى تميم، حلفاؤكم كلب، آسوهم واجيروهم | الا أسارى كلب، فان عاصما والأقرع وبنى تميم قالوا: قد آمناهم,,False
T060,tabari,al-Ṭabarī,بهراء وكلب وسليح وتنوخ ولخم وجذام وغسان,"Bahrāʾ, Kalb, Salīḥ, Tanūkh, Lakhm, Judhām, and Ghassān",الشام,al-Shām,sham,33.5,36.3,12,MIXED,خالد بن سعيد,Khālid ibn Saʿīd,,,زيزاء,Zayzāʾ,0.8,These Syrian Arab tribes initially mobilized with Romans against Khālid ibn Saʿīd but then dispersed and many entered Islam voluntarily.,ونفر اليهم من بهراء وكلب وسليح وتنوخ ولخم وجذام وغسان من دون زيزاء بثلاث | فلما دنا منهم تفرقوا واعروا منزلهم، فنزله ودخل عامه من كان تجمع له في الاسلام,,False
B001,baladhuri,al-Balādhurī,الأزد,al-Azd,عمان,ʿUmān,uman,25.62,56.27,11,SUBJUGATION,حذيفة بن محصن وعكرمة بن أبي جهل,Ḥudhayfa ibn Miḥṣan and ʿIkrima ibn Abī Jahl,لقيط بن مالك ذو التاج,Laqīṭ ibn Mālik Dhū l-Tāj,دبا,Dabā,0.95,"Primary Ridda rebellion in Oman. Al-Azd tribe apostatized under Laqīṭ ibn Mālik, were defeated militarily at Dabā with their leader killed and captives taken.",ارتدت الأزد وعليها لقيط بن مالك ذو التاج وانحازت إلى دبا | فوجه أبو بكر رضى الله عنه إليهم حذيفة بن محصن البارقي من الأزد، وعكرمة ابن أبى جهل | فواقعا لقيطا ومن معه فقتلاه وسبيا من أهل دبا سبيا,,False
B002,baladhuri,al-Balādhurī,ربيعة,Rabīʿa,البحرين,al-Baḥrayn,bahrayn,26.0,50.55,11,SUBJUGATION,العلاء بن الحضرمي,al-ʿAlāʾ ibn al-Ḥaḍramī,الحطم (شريح بن ضبيعة) والمنذر بن النعمان,al-Ḥuṭam (Sharīḥ ibn Ḍubayʿa) and al-Mundhir ibn al-Nuʿmān,جواثا,Jawāthā,0.9,"Major Ridda rebellion in Bahrain. Rabīʿa tribe apostatized with al-Ḥuṭam and al-Mundhir, besieged Muslims at Jawāthā fortress, eventually defeated with leaders killed.",ارتد من البحرين من ولد قيس بن ثعلبة بن عكابة مع الحطم | وارتد سائر من بالبحرين من ربيعة | فدلفت إليه ربيعة فخرج إليها بمن معه من العرب والعجم فقاتلها قتالا شديدا | ثم إن العلاء خرج بالمسلمين ذات ليلة فبيت ربيعة فقاتلوا قتالا شديدا وقتل الحطم,,False
B003,baladhuri,al-Balādhurī,بنو حنيفة,Banū Ḥanīfa,اليمامة,al-Yamāma,yamama,24.18,47.32,12,SUBJUGATION,خالد بن الوليد,Khālid ibn al-Walīd,مسيلمة الكذاب,Musaylima al-Kadhdhāb,حديقة الموت,Ḥadīqat al-Mawt,1.0,"Most famous Ridda rebellion. Banū Ḥanīfa followed false prophet Musaylima, decisive battle at 'Garden of Death', Musaylima killed, major military campaign by Khālid.",فاتبعه بنو حيفة وغيرهم ممن باليمامة | بعث خالد بن الوليد بن المغيرة المخزومي إلى اليمامة وأمره بمحاربة الكذاب مسيلمة | ثم التقى الناس فكان أو من لقيهم الرجال بن عنفوة فقتله الله | وهزم أهل اليمامة فأتبعوهم يقتلونهم قتلا ذريعا | وقتل الله مسيلمة فى الحديقة,"W002, W012, W024, W026",False
B004,baladhuri,al-Balādhurī,بنو حنيفة,Banū Ḥanīfa,اليمامة,al-Yamāma,yamama,24.15,47.3,12,MIXED,خالد بن الوليد,Khālid ibn al-Walīd,مسيلمة,Musaylima,اليمامة,al-Yamāma,0.95,"Major battle against Musaylima followed by negotiated settlement through Mujāʿa's deception, ending with submission and zakāt collection",التقى المسلمون والمشركون، فولى المسلمون مدبرين حتى بلغوا الرحال | فهزم الله المشركين وقتل مسيلمة | قال مجاعة لخالد أن أكثر أهل اليمامة لم يخرجوا لقتالكم | فصالحه على نصف السبي ونصف الصفراء والبيضاء والحلقة والكراع | أسلم أهل اليمامة فأخذت منهم الصدقة | كان فتح اليمامة سنة اثنى عشرة,"T026, T028, T031, T051, W024, W026, W027",False
B005,baladhuri,al-Balādhurī,بنو أسد,Banū Asad,بزاخة,Buzākha,najd,27.5,43.5,12,SUBJUGATION,خالد بن الوليد,Khālid ibn al-Walīd,طليحة بن خويلد,Ṭulayḥa ibn Khuwaylid,بزاخة,Buzākha,0.9,"Battle against false prophet Ṭulayḥa at Buzākha, resulting in his defeat and flight, later conversion to Islam",أمر خالدا أن يصمد لطليحة بن خويلد الأسدى، وكان قد أدعى النبوة وهو يومئذ ببزاخة | التقى المسلمون وعدوهم واقتتلوا قتالا شديدا | انهزم الناس وظهر المسلمون | هرب طليحة بن خويلد فدخل خباء له فاغتسل وخرج فركب فرسه وأهل بعمرة,,False
B006,baladhuri,al-Balādhurī,بنو فزارة,Banū Fazāra,بزاخة,Buzākha,najd,27.5,43.5,12,SUBJUGATION,خالد بن الوليد,Khālid ibn al-Walīd,عيينة بن حصن,ʿUyayna ibn Ḥiṣn,بزاخة,Buzākha,0.85,"Banū Fazāra fought alongside Ṭulayḥa, their leader ʿUyayna was captured but pardoned by Abū Bakr",كان عيينة بن حصن ابن حذيفة بن بدر مع طلحة فى سبعمائة من بنى فزارة | فلما رأى سيوف المسلمين قد استحملت المشركين | وولى عن عسكره، منف انهزم الناس وظهر المسلمون | وأسر عيينة بن حصن فقدم به المدينة فحقن أبو بكر دمه وخلى سبيله,,False
B007,baladhuri,al-Balādhurī,بنو عامر بن صعصعة,Banū ʿĀmir ibn Ṣaʿṣaʿa,,,,,,12,SUBMISSION,هشام بن العاص,Hishām ibn al-ʿĀṣ,,,,,0.8,"Peaceful submission without battle, demonstrated Islam through adhān",بعث خالد بن الوليد هشام بن العاصي بن وائل السهمي... إلى بنى عامر بن صعصعة | فلم يقاتلوه وأظهروا الإسلام والأذان فانصرف عنهم,,False
B008,baladhuri,al-Balādhurī,بنو سليم,Banū Sulaym,جو قراقر,Jaww Qarāqir,najd,25.5,44.5,12,SUBJUGATION,خالد بن الوليد,Khālid ibn al-Walīd,أبو شجرة عمرو بن عبد العزى,Abū Shajara ʿAmr ibn ʿAbd al-ʿUzzā,جو قراقر,Jaww Qarāqir,0.85,"Battle at Jaww Qarāqir, Khālid burned apostates, leader Abū Shajara later converted and met ʿUmar",أتى خالد جو قراقر، ويقال أتى النقرة وكان هناك جمع لبنى سليم عليهم أبو شجرة عمرو بن عبد العزى السلمى | فقاتلوه فاستشهد رجل من المسلمين ثم فض الله جمع المشركين | وجعل خالد يومئذ يحرق المرتدين | وأسلم أبو شجرة فقدم على عمر,,False
B009,baladhuri,al-Balādhurī,بنو تميم,Banū Tamīm,البطاح والبعوضة,al-Biṭāḥ wa-l-Baʿūḍa,najd,26.0,44.0,12,SUBJUGATION,خالد بن الوليد,Khālid ibn al-Walīd,مالك بن نويرة,Mālik ibn Nuwayra,البطاح والبعوضة,al-Biṭāḥ wa-l-Baʿūḍa,0.9,"Controversial campaign against Banū Tamīm, execution of Mālik ibn Nuwayra who had been Prophet's zakāt collector",سار خالد إلى سن بالبطاح والبعوضة من بنى تميم فقاتلوه ففض جمعهم | وقتل مالك بن نويرة أخا متمم بن نويرة | فلما قبض صلى الله عليه وسلم خلى ما كان فى يده من الفرائض وقال: شأنكم بأموالكم يا بنى حنظلة | فأمر بهم فضربت أعناقهم وتولى ضرار ضرب عنق مالك,,False
B010,baladhuri,al-Balādhurī,كندة,Kinda,حضرموت,Ḥaḍramawt,hadramawt,15.8,48.5,12,SUBJUGATION,زياد بن لبيد,Ziyād ibn Labīd,الأشعث بن قيس,al-Ashʿath ibn Qays,النجير,al-Najayr,0.9,"Major revolt led by al-Ashʿath ibn Qays, ended with siege of al-Najayr fortress and his surrender",فانتقضت عليه كندة كلها إلا السكون فإنهم كانوا معه | فعرض لزياد ومعه فأصيب ناس من المسلمين ثم هزموهم | ففضا جمعه وأوقعا بأصحابه فقتلا منهم مقتلة عظيمة | ثم انهم لجأوا إلى النجير-وهو حصن لهم-فحصرهم المسلمون حتى جهدوا,"T046, T050, B029, W034, W035, W043, W046, W047, W048",False
B011,baladhuri,al-Balādhurī,خولان,Khawlān,اليمن,al-Yaman,yaman,15.35,44.2,12,MIXED,يعلى بن منية,Yaʿlā ibn Muniya,,,,,0.75,"Conflicting reports - either defeated in battle with spoils taken, or returned to Islam without fighting",وارتدت خولان باليمن فوجه أبو بكر إليهم يعلى بن منية | فظفر بهم وأصاب منهم غنيمة وسبابا | ويقال: لم يلق حربا فرجع القوم إلى الإسلام,,False
B012,baladhuri,al-Balādhurī,كندة,Kinda,اليمن,al-Yaman,hadramawt,15.8,48.5,11,SUBJUGATION,المهاجر بن أبي أمية وزياد بن لبيد,al-Muhājir ibn Abī Umayya and Ziyād ibn Labīd,الأشعث بن قيس,al-Ashʿath ibn Qays,النجير,al-Nujayr,0.95,Major siege of Kinda tribe at al-Nujayr fortress; al-Ashʿath eventually surrendered,فقاتلاهم قتالا شديدا | تحصنوا بالنجير فحاصراهم حتى جهدهم الحصار | ارتد الأشعث بن قيس الكندي فى ناس من كندة فحوصرا,,False
B013,baladhuri,al-Balādhurī,بنو عمرو بن معاوية,Banū ʿAmr ibn Muʿāwiya,اليمن,al-Yaman,yaman,15.35,44.2,11,SUBJUGATION,زياد بن لبيد,Ziyād ibn Labīd,,,,,0.9,Night raid by Ziyād ibn Labīd against this Kindite sub-tribe,فجمع بنو عمرو بن معاوية جمعا | فبيتهم فأتى على أكثرهم وجعل بعضهم يقتل بعضا,,False
B014,baladhuri,al-Balādhurī,حضرموت,Ḥaḍramawt,اليمن,al-Yaman,yaman,15.35,44.2,11,SUBJUGATION,زياد بن لبيد والمهاجر بن أبي أمية,Ziyād ibn Labīd and al-Muhājir ibn Abī Umayya,,,,,0.85,Ḥaḍramawt came to aid Kinda but were defeated,وكانت حضرموت أتت كندة منجدة لها فواقعهم زياد والمهاجر فظفرا بهم,,False
B015,baladhuri,al-Balādhurī,خولان,Khawlān,اليمن,al-Yaman,yaman,15.35,44.2,11,SUBJUGATION,يعلى بن منية,Yaʿlā ibn Munayya,,,,,0.9,Khawlān tribe fought until they submitted and agreed to pay zakāt,وارتدت خولان فوجه إليهم أبو بكر يعلى بن منية فقاتلهم حتى أذعنوا وأقروا بالصدقة,,False
B016,baladhuri,al-Balādhurī,عنس,ʿAns,اليمن,al-Yaman,yaman,15.35,44.21,11,SUBJUGATION,قيس بن هبيرة المكشوح,Qays ibn Hubayra al-Makshūḥ,الأسود العنسي,al-Aswad al-ʿAnsī,صنعاء,Ṣanʿāʾ,0.95,Major false prophet movement; al-Aswad killed by assassination before main military action,فاتبعه عنس | وأخرج خالد بن سعيد بن العاصي عنها | ووضعوا فى بقية أصحاب العنسي السيف فلم ينجح إلا من أسلم منهم,,False
B017,baladhuri,al-Balādhurī,الأزد,al-Azd,عمان,ʿUmān,uman,25.62,56.27,11,SUBJUGATION,حذيفة بن محصن وعكرمة بن أبي جهل,Ḥudhayfa ibn Muḥṣin and ʿIkrima ibn Abī Jahl,لقيط بن مالك ذو التاج,Laqīṭ ibn Mālik Dhū al-Tāj,دبا,Dabbā,0.95,"Major battle at Dabbā; Azd leader killed, tribe later returned to Islam",ارتدت الأزد وعليها لقيط بن مالك ذو التاج | فواقعا لقيطا ومن معه فقتلاه وسبيا من أهل دبا سبيا | ثم أن الأزد راجعت الإسلام,,False
B018,baladhuri,al-Balādhurī,مهرة,Mahra,عمان,ʿUmān,uman,23.58,58.38,11,SUBMISSION,عكرمة بن أبي جهل,ʿIkrima ibn Abī Jahl,,,,,0.9,Mahra tribe submitted without fighting when ʿIkrima approached,وجمع قوم من مهرة بن حيدان جمعا فأتاهم عكرمة فلم يقاتلوه وأدوا الصدقة,,False
B019,baladhuri,al-Balādhurī,ربيعة,Rabīʿa,البحرين,al-Baḥrayn,bahrayn,26.0,50.55,11,SUBJUGATION,العلاء بن الحضرمي,al-ʿAlāʾ ibn al-Ḥaḍramī,الحطم (شريح بن ضبيعة),al-Ḥuṭam (Shurayḥ ibn Ḍubayʿa),جواثا,Jawāthā,0.95,Major siege at Jawāthā fortress; ended with night raid killing rebel leader al-Ḥuṭam,ارتد من البحرين من ولد قيس بن ثعلبة مع الحطم | فقاتلها قتالا شديدا | ثم إن العلاء خرج بالمسلمين ذات ليلة فبيت ربيعة فقاتلوا قتالا شديدا وقتل الحطم,,False
B020,baladhuri,al-Balādhurī,بنو حنيفة,Banū Ḥanīfa,اليمامة,al-Yamāma,yamama,24.18,47.32,12,SUBJUGATION,خالد بن الوليد,Khālid ibn al-Walīd,مسيلمة الكذاب,Musaylima al-Kadhdhāb,حديقة الموت,Ḥadīqat al-Mawt,1.0,"Major battle at al-Yamāma against Musaylima and Banū Ḥanīfa, ended with conquest after heavy fighting and martyrdoms. Later negotiated peace through Mujāʿa ibn Murāra's deception.",بعث خالد بن الوليد بن المغيرة المخزومي إلى اليمامة وأمره بمحاربة الكذاب مسيلمة | فلما شارفها ظفر بقوم من بنى حنيفة فيهم مجاعة بن مرارة بن سلمى فقتلهم | ثم التقى الناس فكان أو من لقيهم الرجال بن عنفوة فقتله الله، واستشهد وجوه الناس وقراء القرآن | ثم أن المسلمين فاءوا وثابوا فأنزل الله عليهم نصره وهزم أهل اليمامة فأتبعوهم يقتلونهم قتلا ذريعا | وقتل الله مسيلمة فى الحديقة,"W002, W012, W024, W026",False
B021,baladhuri,al-Balādhurī,بنو أسد,Banū Asad,بزاخة,Buzākha,najd,27.5,43.5,12,SUBJUGATION,خالد بن الوليد,Khālid ibn al-Walīd,طليحة بن خويلد,Ṭulayḥa ibn Khuwaylid,بزاخة,Buzākha,0.95,"Battle against false prophet Ṭulayḥa at Buzākha. ʿUyayna ibn Ḥiṣn captured, Ṭulayḥa fled and later converted to Islam.",وأمر خالدا أن يصمد لطليحة بن خويلد الأسدى، وكان قد أدعى النبوة وهو يومئذ ببزاخة | ثم التقى المسلمون وعدوهم واقتتلوا قتالا شديدا | فانهزم الناس وظهر المسلمون وأسر عيينة بن حصن | وهرب طليحة بن خويلد فدخل خباء له فاغتسل وخرج فركب فرسه وأهل بعمرة ثم مضى إلى مكة ثم أتى المدينة مسلما,,False
B022,baladhuri,al-Balādhurī,بنو فزارة,Banū Fazāra,بزاخة,Buzākha,najd,27.5,43.5,12,SUBJUGATION,خالد بن الوليد,Khālid ibn al-Walīd,عيينة بن حصن,ʿUyayna ibn Ḥiṣn,بزاخة,Buzākha,0.9,"Banū Fazāra fought alongside Ṭulayḥa at Buzākha under ʿUyayna ibn Ḥiṣn with 700 men. After defeat, ʿUyayna was captured but pardoned by Abū Bakr.",وكان عيينة بن حصن ابن حذيفة بن بدر مع طلحة فى سبعمائة من بنى فزارة | فلما رأى سيوف المسلمين قد استحملت المشركين | يا بنى فزارة هذا كذاب وولى عن عسكره | فانهزم الناس وظهر المسلمون وأسر عيينة بن حصن فقدم به المدينة فحقن أبو بكر دمه وخلى سبيله,,False
B023,baladhuri,al-Balādhurī,بنو عامر بن صعصعة,Banū ʿĀmir ibn Ṣaʿṣaʿa,نجد,Najd,najd,25.0,45.0,12,SUBMISSION,هشام بن العاصي,Hishām ibn al-ʿĀṣī,,,,,0.85,"Banū ʿĀmir ibn Ṣaʿṣaʿa submitted peacefully to Hishām ibn al-ʿĀṣī without fighting, showing Islam and performing adhān.",وبعث خالد بن الوليد هشام بن العاصي بن وائل السهمي وأخا عمرو بن العاصي... إلى بنى عامر بن صعصعة | فلم يقاتلوه وأظهروا الإسلام والأذان فانصرف عنهم,,False
B024,baladhuri,al-Balādhurī,بنو سليم,Banū Sulaym,جو قراقر,Jaww Qarāqir,najd,25.5,44.5,12,SUBJUGATION,خالد بن الوليد,Khālid ibn al-Walīd,أبو شجرة عمرو بن عبد العزى,Abū Shajara ʿAmr ibn ʿAbd al-ʿUzzā,جو قراقر,Jaww Qarāqir,0.9,"Banū Sulaym fought Khālid at Jaww Qarāqir under Abū Shajara. After defeat, their leader converted and later met ʿUmar. Khālid burned apostates after this battle.",ثم أتى خالد جو قراقر، ويقال أتى النقرة وكان هناك جمع لبنى سليم عليهم أبو شجرة عمرو بن عبد العزى السلمى | فقاتلوه فاستشهد رجل من المسلمين ثم فض الله جمع المشركين | وجعل خالد يومئذ يحرق المرتدين | وأسلم أبو شجرة فقدم على عمر,,False
B025,baladhuri,al-Balādhurī,بنو تميم,Banū Tamīm,البطاح والبعوضة,al-Biṭāḥ wa-l-Baʿūḍa,najd,26.0,44.0,11,SUBJUGATION,خالد,Khālid,,,البطاح والبعوضة,al-Biṭāḥ wa-l-Baʿūḍa,0.95,"Khālid's campaign against Banū Tamīm at al-Biṭāḥ wa-l-Baʿūḍa, resulting in the killing of Mālik ibn Nuwayra",ثم سار خالد إلى سن بالبطاح والبعوضة من بنى تميم فقاتلوه ففض جمعهم وقتل مالك بن نويرة,,False
B026,baladhuri,al-Balādhurī,بنو حنظلة,Banū Ḥanẓala,البطاح والبعوضة,al-Biṭāḥ wa-l-Baʿūḍa,najd,26.0,44.0,11,SUBJUGATION,خالد,Khālid,مالك بن نويرة,Mālik ibn Nuwayra,البطاح والبعوضة,al-Biṭāḥ wa-l-Baʿūḍa,0.9,"Mālik ibn Nuwayra, tax collector for Banū Ḥanẓala, withheld zakāt after Prophet's death and was executed by Khālid's forces",وقتل مالك بن نويرة أخا متمم بن نويرة وكان مالك عاملا للنبي (صلى الله عليه وسلم) على صدقات بنى حنظلة، فلما قبض (صلى الله عليه وسلم) خلى ما كان فى يده من الفرائض | فاقتتلوا وأسره وجماعة معه فأتى بهم خالدا فأمر بهم فضربت أعناقهم,,False
B027,baladhuri,al-Balādhurī,بنو تميم,Banū Tamīm,الجزيرة العربية,Arabian Peninsula,arabia,24.0,45.0,11,MIXED,خالد,Khālid,سجاح بنت أوس,Sajāḥ bint Aws,,,0.85,"Sajāḥ, false prophetess from Banū Tamīm, allied with Musaylima before eventually converting back to Islam",وتنبأت أم صادر سجاح بنت أوس بن أسامة بن العنبر بن يربوع ابن حنظلة بن مالك بن زيد مناة بن تميم | وتكهنت فأتبعها قوم من بنى تميم وقوم من أخوالها بنى تغلب | فأتت مسيلمة الكذاب وهو بحجر فتزوجته وجعلت دينها ودينه واحدا,,False
B028,baladhuri,al-Balādhurī,خولان,Khawlān,اليمن,al-Yaman,yaman,15.35,44.2,11,SUBJUGATION,يعلى بن منية,Yaʿlā ibn Muniya,,,,,0.9,Khawlān tribe in Yemen apostatized and were defeated by Yaʿlā ibn Muniya with captives and booty taken,وارتدت خولان باليمن فوجه أبو بكر إليهم يعلى بن منية | نظفر بهم وأصاب منهم غنيمة وسبابا,,False
B029,baladhuri,al-Balādhurī,كندة,Kinda,حضرموت,Ḥaḍramawt,hadramawt,15.8,48.5,11,SUBJUGATION,زياد بن لبيد والمهاجر بن أبى أمية,Ziyād ibn Labīd and al-Muhājir ibn Abī Umayya,الأشعث بن قيس,al-Ashʿath ibn Qays,النجير,al-Nujayr,0.95,"Major Kinda rebellion led by al-Ashʿath ibn Qays, besieged at al-Nujayr fortress before surrendering",فانتقضت عليه كندة كلها إلا السكون | فاجتمعت عظماء كندة إلى الأشعث بن قيس | ففضا جمعه وأوقعا بأصحابه فقتلا منهم مقتلة عظيمة ثم انهم لجأوا إلى النجير | فحصرهم المسلمون حتى جهدوا,"T046, T050, B010, W034, W035, W043, W046, W047, W048",False
B030,baladhuri,al-Balādhurī,بنو وليعة,Banū Walīʿa,حضرموت,Ḥaḍramawt,hadramawt,15.95,48.78,11,SUBJUGATION,زياد بن لبيد,Ziyād ibn Labīd,,,,,0.9,"Banū Walīʿa, who had delegated to the Prophet, apostatized and were attacked in a night raid by Ziyād ibn Labīd",وجمع له بنو عمرو بن معاوية بن الحارث الكندي فبيتهم فيمن معه من المسلمين فقتل منهم بشرا فيهم مخوس ومشرح وجمد وأبضعة بنو معدى كرب بن وليعة | وكانوا وفدوا على النبي (صلى الله عليه وسلم) ثم ارتدوا,,False
B031,baladhuri,al-Balādhurī,عنس,ʿAns,اليمن,al-Yaman,yaman,15.35,44.21,11,SUBJUGATION,قيس بن هبيرة المرادي وفيروز بن الديلمي,Qays ibn Hubayra al-Murādī and Fayrūz ibn al-Daylamī,الأسود العنسي,al-Aswad al-ʿAnsī,صنعاء,Ṣanʿāʾ,0.95,ʿAns tribe followed the false prophet al-Aswad al-ʿAnsī who was assassinated by Muslim agents in Ṣanʿāʾ,كان الأسود بن كعب بن عوف العنسي قد تكهن وادعى النبوة فاتبعه عنس | فدخلوا عليه فى السحر وهو سكران نائم فذبحه قيس ذبحا | ووضعوا فى بقية أصحاب العنسي السيف فلم ينجح إلا من أسلم منهم,,False
W002,waqidi,al-Wāqidī,بنو حنيفة,Banū Ḥanīfa,اليمامة,al-Yamāma,yamama,24.0,46.7,11,SUBJUGATION,,,مسيلمة الكذاب,Musaylima al-Kadhdhāb,,,0.85,Musaylima's rebellion with Banū Ḥanīfa in al-Yamāma is clearly identified as an active threat requiring military subjugation. The text indicates armed resistance ('بالقنا والمهند') but this excerpt covers the initial threat assessment rather than the actual campaign resolution.,وعظم المصائب علينا أن مسيلمة الكذاب خرج بأرض اليمامة برعد وبرق | وقد تعلمون أنه كان يدعي النبوة في حياة نبينا صلى الله عليه وآله وسلم | وأرعد كذاب اليمامة جهده وأكلب فينا باللسان وباليد | وأمسى مسيلم في اليمامة غالبا على الناس طرا بالقنا والمهند,"B003, B020",True
W003,waqidi,al-Wāqidī,بنو أسد,Banū Asad,نجد,Najd,najd,24.5,45.5,11,SUBJUGATION,,,طليحة بن خويلد الأسدي,Ṭulayḥa ibn Khuwaylid al-Asadī,,,0.8,"Ṭulayḥa ibn Khuwaylid's false prophecy claim with Banū Asad in Najd is identified as requiring military action. The text presents this as part of the initial threat assessment during the succession crisis, indicating the scope of rebellions that would need to be addressed through armed campaigns.",والآن قد بلغني أن طليحة بن خويلد الأسدي أيضا قد ادعى النبوة ببلاد نجد | وداناه فيما قال غير مقصر أخو الجهل حقا طلحة بن خويلد,,False
W004,waqidi,al-Wāqidī,بنو أسد,Banū Asad,أرض بني أسد,Arḍ Banī Asad,najd,27.5,41.5,11,SUBJUGATION,,,طليحة بن خويلد الأسدي,Ṭulayḥa ibn Khuwaylid al-Asadī,,,0.95,Ṭulayḥa claimed prophethood among Banū Asad; text indicates future military campaigns planned against them,فارتدت بنو أسد ورأسوا على أنفسهم طليحة بن خويلد الأسدي، وهو الذي ادعى النبوة في أرض بني أسد,,False
W005,waqidi,al-Wāqidī,فزارة,Fazāra,نجد,Najd,najd,27.5,41.5,11,SUBJUGATION,,,عيينة بن حصن الفزاري,ʿUyayna ibn Ḥiṣn al-Fazārī,,,0.9,Fazāra tribe apostatized under ʿUyayna ibn Ḥiṣn's leadership,وارتدت فزارة ورأسوا عليهم عيينة بن حصن الفزاري,,False
W006,waqidi,al-Wāqidī,بنو عامر,Banū ʿĀmir,نجد,Najd,najd,25.0,44.0,11,SUBJUGATION,,,قرة بن سلمة القشيري,Qurra ibn Salama al-Qushayrī,,,0.9,Banū ʿĀmir and Ghaṭafān apostatized together under Qurra's leadership,وارتدت بنو عامر وغطفان، ورأسوا على أنفسهم قرة بن سلمة القشيري,,False
W007,waqidi,al-Wāqidī,غطفان,Ghaṭafān,نجد,Najd,najd,26.0,42.0,11,SUBJUGATION,,,قرة بن سلمة القشيري,Qurra ibn Salama al-Qushayrī,,,0.9,Ghaṭafān apostatized together with Banū ʿĀmir,وارتدت بنو عامر وغطفان، ورأسوا على أنفسهم قرة بن سلمة القشيري,,False
W008,waqidi,al-Wāqidī,بنو سليم,Banū Sulaym,نجد,Najd,najd,24.5,41.0,11,SUBJUGATION,,,الفجاءة بن عبد ياليل السلمي,al-Fujāʾa ibn ʿAbd Yālīl al-Sulamī,,,0.9,Banū Sulaym apostatized under al-Fujāʾa's leadership,وارتدت بنو سليم ورأسوا على أنفسهم الفجاءة بن عبد ياليل السلمي,,False
W009,waqidi,al-Wāqidī,بنو تميم,Banū Tamīm,نجد,Najd,najd,25.5,45.0,11,SUBJUGATION,,,سجاح,Sajāḥ,,,0.9,Part of Banū Tamīm apostatized under the female false prophet Sajāḥ,وارتدت طائفة من بني تميم ورأسوا عليهم امرأة يقال لها سجاح,,False
W010,waqidi,al-Wāqidī,كندة,Kinda,حضرموت,Ḥaḍramawt,hadramawt,15.9,49.0,11,SUBJUGATION,,,الأشعث بن قيس,al-Ashʿath ibn Qays,,,0.9,Part of Kinda tribe apostatized under al-Ashʿath ibn Qays and other Kindite kings,وارتدت طائفة من كندة ورأسوا على أنفسهم الأشعث بن قيس وغيره من ملوك كندة,,False
W011,waqidi,al-Wāqidī,بنو بكر بن وائل,Banū Bakr ibn Wāʾil,البحرين,al-Baḥrayn,bahrayn,26.0,50.5,11,SUBJUGATION,,,الحكم بن زيد,al-Ḥakam ibn Zayd,,,0.9,Banū Bakr ibn Wāʾil in Baḥrayn region apostatized under al-Ḥakam ibn Zayd,وارتدت بنو بكر بن وائل بأرض البحرين، ورأسوا على أنفسهم الحكم بن زيد من بني قيس بن ثعلبة,"T033, T035",True
W012,waqidi,al-Wāqidī,بنو حنيفة,Banū Ḥanīfa,اليمامة,al-Yamāma,yamama,24.0,46.7,11,SUBJUGATION,,,مسيلمة الكذاب,Musaylima al-Kadhdhāb,,,0.95,"Banū Ḥanīfa gathered around Musaylima the Liar in al-Yamāma, accepting his claim to prophethood",واجتمعت بنو حنيفة إلى مسيلمة الكذاب بأرض اليمامة، فقلدوه أمرهم وادعى أنه نبيهم,"B003, B020",True
W013,waqidi,al-Wāqidī,طيء,Ṭayyiʾ,نجد,Najd,najd,27.5,42.0,11,SUBMISSION,,,,,,,0.9,Ṭayyiʾ tribes considered apostasy but were convinced by ʿAdī ibn Ḥātim to remain loyal and pay zakāt,وهمت قبائل طيء أن يرتدوا عن دين الإسلام، فقام سيدهم عدي بن حاتم الطائي | فأجابته قبائل طيء إلى جميع ما أحب | وجمع عدي بن حاتم وزيد الخيل ما كان قبلهما من إبل الصدقة وغيرها، حتى قدما على أبي بكر,,False
W014,waqidi,al-Wāqidī,بنو أسد,Banū Asad,البزاخة,al-Bazākha,najd,27.5,41.5,11,SUBJUGATION,خالد بن الوليد,Khālid ibn al-Walīd,طليحة بن خويلد,Ṭulayḥa ibn Khuwaylid,أرض بني أسد,arḍ Banī Asad,0.95,Military campaign against Banū Asad led by the false prophet Ṭulayḥa ibn Khuwaylid. Text contains detailed preparation and instructions from Abū Bakr to Khālid for fighting the apostate tribe.,سر نحو طليحة بن خويلد الأسدي ومن معه من بني أسد وغطفان وفزارة | وقد بلغني رجوع من رجع منكم عن دينه بعد الإقرار بالإسلام | فقد أمرته أن يقاتله أشد القتال | فسار خالد بن الوليد إلى أهل الردة | يريد طليحة بن خويلد الأسدي وأصحابه,,False
W015,waqidi,al-Wāqidī,غطفان,Ghaṭafān,البزاخة,al-Bazākha,najd,27.5,41.5,11,MIXED,خالد بن الوليد,Khālid ibn al-Walīd,طليحة بن خويلد,Ṭulayḥa ibn Khuwaylid,أرض بني أسد,arḍ Banī Asad,0.85,"Ghaṭafān initially allied with Ṭulayḥa but later showed regret and some defected to Khālid, representing both military conflict and voluntary submission elements.",سر نحو طليحة بن خويلد الأسدي ومن معه من بني أسد وغطفان وفزارة | ندمت بنو غطفان على اتباعهم طليحة بن خويلد | فهرب في جوف الليل مع جماعة من بني عمه إلى خالد بن الوليد,,False
W016,waqidi,al-Wāqidī,فزارة,Fazāra,البزاخة,al-Bazākha,najd,27.5,41.5,11,SUBJUGATION,خالد بن الوليد,Khālid ibn al-Walīd,عيينة بن حصن,ʿUyayna ibn Ḥiṣn,البزاخة,al-Bazākha,0.85,Fazāra tribe under ʿUyayna ibn Ḥiṣn allied with Ṭulayḥa against Muslim forces. Text shows military preparation against them.,سر نحو طليحة بن خويلد الأسدي ومن معه من بني أسد وغطفان وفزارة | وكتب الغطفاني إلى عيينة بن حصن الفزاري | إن تحتشد تسلم، فزارة كلها | فلما وصل هذا الشعر إلى عيينة بن حصن الفزاري,T018,True
W017,waqidi,al-Wāqidī,بنو سليم,Banū Sulaym,دار بني سليم,dār Banī Sulaym,najd,24.5,41.0,11,SUBJUGATION,معاذ بن واثلة,Muʿādh ibn Wāthila,الفجاءة بن عبد ياليل,al-Fujāʾa ibn ʿAbd Yālīl,أرض بني سليم,arḍ Banī Sulaym,0.9,"Al-Fujāʾa from Banū Sulaym deceived Abū Bakr, took weapons and horses, then turned apostate. Military campaign led by Muʿādh ibn Wāthila resulted in battle, capture of al-Fujāʾa, and his execution by burning.",ثم عطف إلى دار بني سليم | فأرسل إلى قوم منهم، ودعاهم فأجابوا، فعطفهم على هؤلاء العشرة | اقتتلوا قتالا شديدا | فأخذهم السيف، فقتل منهم من قتل | فأخذ أسيرا,,False
W018,waqidi,al-Wāqidī,بنو عامر بن صعصعة,Banū ʿĀmir ibn Ṣaʿṣaʿa,أرض بني عامر,arḍ Banī ʿĀmir,najd,25.0,44.0,11,SUBJUGATION,خالد بن الوليد,Khālid ibn al-Walīd,عامر بن الطفيل,ʿĀmir ibn al-Ṭufayl,,,0.8,"Banū ʿĀmir ibn Ṣaʿṣaʿa turned away from Islam by ʿĀmir ibn al-Ṭufayl, killed Muslim companion al-Mundhir ibn ʿAmr. Text shows preparation for military campaign against them.",وردكم عامر بن الطفيل عن دين الإسلام | فأنتم قتلتم بالأمس المنذر بن عمرو الساعدي | وأنتم غدا نهب لجيش أبي بكر | لا تأمنوا اليوم خالدا يصبكم غدا منه بقاصمة الظهر,,False
W019,waqidi,al-Wāqidī,بنو أسد,Banū Asad,بزاخة,Bazākha,najd,27.5,41.5,11,SUBJUGATION,خالد بن الوليد,Khālid ibn al-Walīd,طليحة بن خويلد,Ṭulayḥa ibn Khuwaylid,بزاخة,Bazākha,1.0,Major battle at Bazākha against false prophet Ṭulayḥa and his tribal coalition,عزم خالد على حرب القوم، وزحف إليهم، فوافاهم بأرض يقال لها بزاخة | واختلط القوم، واقتتلوا، فقتل من الفريقين جماعة | وحملت بنو أسد وغطفان وفزارة فقاتلوا بين يدي طليحة أشد القتال,,False
W020,waqidi,al-Wāqidī,غطفان,Ghaṭafān,بزاخة,Bazākha,najd,27.5,41.5,11,SUBJUGATION,خالد بن الوليد,Khālid ibn al-Walīd,طليحة بن خويلد,Ṭulayḥa ibn Khuwaylid,بزاخة,Bazākha,1.0,Part of tribal coalition supporting Ṭulayḥa at Bazākha,وحملت بنو أسد وغطفان وفزارة فقاتلوا بين يدي طليحة أشد القتال | ثم ولى عيينة بن حصن منهزما مع بني عمه من فزارة، وانهزمت بنو أسد وغطفان,,False
W021,waqidi,al-Wāqidī,فزارة,Fazāra,بزاخة,Bazākha,najd,27.5,41.5,11,SUBJUGATION,خالد بن الوليد,Khālid ibn al-Walīd,عيينة بن حصن,ʿUyayna ibn Ḥiṣn,بزاخة,Bazākha,1.0,Led by ʿUyayna ibn Ḥiṣn who was captured; later submitted to Abū Bakr,وحملت بنو أسد وغطفان وفزارة فقاتلوا بين يدي طليحة أشد القتال | فأسر عيينة بن حصن الفزاري، وأسر معه جماعة من بني عمه,T018,True
W022,waqidi,al-Wāqidī,بنو تميم,Banū Tamīm,البطاح,al-Biṭāḥ,najd,26.5,44.0,11,SUBJUGATION,خالد بن الوليد,Khālid ibn al-Walīd,مالك بن نويرة,Mālik ibn Nuwayra,البطاح,al-Biṭāḥ,1.0,Campaign against Mālik ibn Nuwayra who refused zakāt; executed by Khālid,ثم سار خالد بمن معه من المهاجرين يريد أرض بني تميم | فأخذوه أسيرا، وأخذوا امرأته معه | فأمر خالد بضرب أعناق بني عمه بديا | ثم قدم خالد مالك بن نويرة ليضرب عنقه,T025,True
W023,waqidi,al-Wāqidī,بنو حنيفة,Banū Ḥanīfa,اليمامة,al-Yamāma,yamama,24.0,46.7,11,SUBJUGATION,خالد بن الوليد,Khālid ibn al-Walīd,مسيلمة بن حبيب,Musaylima ibn Ḥabīb,اليمامة,al-Yamāma,0.9,Campaign against false prophet Musaylima mentioned but battle details not fully described in this excerpt,وجعل مسيلمة بن حبيب الكذاب يعلو أمره باليمامة يوما بعد يوم | يا بني حنيفة، أريد أن تخبروني بماذا صارت قريش أحق بالنبوة والإمامة منكم | فأقبل قوم من أشراف بني حنيفة إلى الرجال بن نهشل ومحكم بن الطفيل,,False
W024,waqidi,al-Wāqidī,بنو حنيفة,Banū Ḥanīfa,اليمامة,al-Yamāma,yamama,24.0,46.7,12,SUBJUGATION,خالد بن الوليد,Khālid ibn al-Walīd,مسيلمة,Musaylima,عقرباء,ʿAqrabāʾ,0.95,Major battle at ʿAqrabāʾ in al-Yamāma between Khālid's forces and Banū Ḥanīfa following Musaylima. Text shows clear military campaign with extensive battle descriptions and casualties on both sides.,سر نحو بني حنيفة مسيلمة الكذاب | فإذا قدمت عليهم فلا تبدأهم بقتال حتى تدعوهم إلى داعية الإسلام | فمن أبى فاستعمل فيه السيف | واشتبك الحرب بين الفريقين، فقتل من المسلمين على زهاء ثلاث مائة رجل، ومن بني حنيفة أضعافهم | حتى قتل منهم جماعة وكشفوهم كشفة فاضحة,"B003, B004, B020, T026, T028, T029, T031, T051",True
W025,waqidi,al-Wāqidī,بنو تميم,Banū Tamīm,نجد,Najd,najd,24.5,45.5,12,MIXED,خالد بن الوليد,Khālid ibn al-Walīd,سجاح بنت المنذر,Sajāḥ bint al-Mundhir,,,0.85,Banū Tamīm followers of false prophetess Sajāḥ who later allied with Musaylima. Shows both rebellion (following false prophet) and eventual submission when Sajāḥ went to Musaylima.,وقد كانت ادعت النبوة وتبعها رجال من قومها: غيلان بن خرشنة، والحارث بن الأهتم، وجماعة من بني تميم | وكان لها مؤذن يؤذن لها ويقول: أشهد أن سجاح نبية الله | فسارت سجاح هذه إلى مسيلمة الكذاب,,False
W026,waqidi,al-Wāqidī,بنو حنيفة,Banū Ḥanīfa,اليمامة,al-Yamāma,yamama,24.0,46.7,12,SUBMISSION,خالد بن الوليد,Khālid ibn al-Walīd,,,,,0.9,Voluntary submission of Thumāma ibn Athāl and a group from Banū Ḥanīfa who sought amnesty from Khālid and rejected Musaylima's false prophethood.,ثم خرج ثمامة بن أثال في جوف الليل، في نفر من بني حنيفة، حتى صار إلى خالد فاستأمن إليه، فأمنه خالد وأمن أصحابه | قال: فقال له ثمامة: (ويحكم يا بني حنيفة، اسمعوا قولي تهتدوا وأطيعوا أمري ترشدوا، واعلموا أن محمد بن عبد الله نبي مرسل لا شك في نبوته، وهذا مسيلمة رجل كذاب) | فقال القوم: (نحن معك يا أبا عامر، فكن من ذلك على علم),"B003, B004, B020, T026, T028, T029, T031, T051",True
W027,waqidi,al-Wāqidī,بنو حنيفة,Banū Ḥanīfa,اليمامة,al-Yamāma,yamama,24.0,46.7,11,SUBJUGATION,خالد بن الوليد,Khālid ibn al-Walīd,مسيلمة,Musaylima,الحديقة,al-Ḥadīqa,1.0,"Major battle at the Garden (al-Ḥadīqa) where Musaylima was killed by Waḥshī and ʿAbd Allāh ibn Zayd. Text mentions heavy casualties on both sides, with over 700 Qurʾān reciters killed among Muslims. After Musaylima's death, Mujāʿa ibn Murāra negotiated a peace treaty through deception.",دعانا أبو بكر رضي الله عنه إلى قتال بني حنيفة، فلما قاتلناهم علمنا أنهم أولوا بأس شديد | ثم إن المسلمين اجتمعت آراؤهم أن يحملوا بأجمعهم على بني حنيفة حملة واحدة | فحملوا عليهم فكشفوهم، حتى ألجئوهم إلى حديقة لهم | فلم يزل يقاتل في جوف الحديقة حتى قتل | واقتحم المسلمون بأجمعهم إلى مسيلمة وأصحابه، فقاتلوهم حتى احمرت أرض الحديقة من الدماء | فوقعت الحربة في خاصرته فسقط مسيلمة عدو الله عن فرسه قتيلا,"B004, T026, T028, T031, T051",True
W028,waqidi,al-Wāqidī,بنو حنيفة,Banū Ḥanīfa,اليمامة,al-Yamāma,yamama,24.0,46.7,11,MIXED,خالد بن الوليد,Khālid ibn al-Walīd,مجاعة بن مرارة,Mujāʿa ibn Murāra,,,0.9,"Peace treaty negotiated by Mujāʿa ibn Murāra after military defeat. Mujāʿa deceived Khālid by dressing women as warriors on the fortress walls to appear stronger. Treaty terms included gold, silver, one-third of horses, and one-fourth of captives.",فصالحه خالد على ما ظهر من الصفراء والبيضاء من الذهب والفضة، وعلى ثلث الكراع وربع من السبي | وقد صالحت القوم صلح مكر، فلا تبرحن عن مواضعكن حتى يتم الصلح | فأتمم للقوم ما صالحتهم عليه، ولا تغدر بهم | لم يحب أن ينقض الصلح الذي كان بينه وبين مجاعة,T029,True
W029,waqidi,al-Wāqidī,بكر بن وائل,Bakr ibn Wāʾil,البحرين,al-Baḥrayn,bahrayn,26.0,50.5,12,SUBJUGATION,,,المنذر بن النعمان,al-Mundhir ibn al-Nuʿmān,,,0.8,"Bakr ibn Wāʾil apostatized in Baḥrayn region, allied with Sassanian Persia and installed al-Mundhir ibn al-Nuʿmān as ruler. They opposed the loyal ʿAbd al-Qays tribe. Text breaks off before describing the actual military campaign resolution.",وكان من سبب أهل البحرين وارتدادهم عن دين الإسلام، أن نفرا من بكر بن وائل كانوا يعادون قبائل عبد القيس | تعالوا حتى نرد الملك في دار النعمان ابن المنذر، فإنه أحق بهذا الأمر من ابن أبي قحافة | فأرسل كسرى إلى المنذر بن النعمان، فدعاه وهو يومئذ غلام حدث السن حين بقل وجهه فخلع عليه بخلع، وتوجه بتاج وحمله على مائة من الخيل، وضم إليه سبعة آلاف فارس وراجل,,False
W030,waqidi,al-Wāqidī,بنو بكر بن وائل,Banū Bakr ibn Wāʾil,البحرين,al-Baḥrayn,bahrayn,26.0,50.5,11,SUBJUGATION,العلاء بن الحضرمي,al-ʿAlāʾ ibn al-Ḥaḍramī,المنذر بن النعمان,al-Mundhir ibn al-Nuʿmān,جواثي,Jawāthī,0.95,"Major Ridda campaign in Bahrain. Banū Bakr allied with Persians, installed al-Mundhir as king, besieged loyal ʿAbd al-Qays tribe at Jawāthī fortress. Al-ʿAlāʾ conducted night attack, defeated them decisively.",توسطت بنو بكر بن وائل أرض البحرين | فاقتتل القوم قتالا شديدا، فكانت الدائرة على بكر بن وائل | أقبلت بنو بكر بن وائل والفرس حتى نزلوا على الحصن فأحدقوا به، فحاصروا عبد القيس حصارا شديدا | وقد ارتدوا عن دين الإسلام | فلم يشعر الفرس ومن معهم من العرب إلا وحوافر الخيل تطؤهم | وانهزمت بنو بكر بن وائل، فلحقوا بالبراري والفلوات هائمين من سيوف المهاجرين والأنصار,"T033, T035",True
W031,waqidi,al-Wāqidī,عبد القيس,ʿAbd al-Qays,البحرين,al-Baḥrayn,bahrayn,26.0,50.5,11,SUBMISSION,العلاء بن الحضرمي,al-ʿAlāʾ ibn al-Ḥaḍramī,,,جواثي,Jawāthī,0.9,"ʿAbd al-Qays remained loyal to Islam but were besieged by apostate Banū Bakr. After rescue by al-ʿAlāʾ, they rallied to support the Muslim cause.",واجتمعت عبد القيس إلى رئيس من رؤسائهم يقال له: الجارود بن المعلى العبدي في أربعة ألف من عبد القيس | واستأمن عامة عبد القيس إلى بكر بن وائل | واجتمعت عبد القيس إلى العلاء بن الحضرمي من جميع نواحي البحرين,T032,True
W032,waqidi,al-Wāqidī,بنو حنيفة,Banū Ḥanīfa,اليمامة,al-Yamāma,yamama,24.0,46.7,11,SUBMISSION,العلاء بن الحضرمي,al-ʿAlāʾ ibn al-Ḥaḍramī,,,,,0.85,"Partial submission - Thumāma ibn Uthāl and some Ḥanīfa joined al-ʿAlāʾ's campaign, though most of the tribe refused due to their recent involvement with Musaylima.",فاستقبله ثمامة بن أثال الحنفي، وكان مسلما تقيا | أنت تعلم أن قومي قريب عهدهم بالردة مع مسيلمة الكذاب | وسار ثمامة بن أثال مع العلاء بن الحضرمي في نفر من بني عمه | ومعه ثمامة بن أثال، وقيس بن عاصم المنقري، في جماعة من بني تميم، وبني حنيفة,,False
W033,waqidi,al-Wāqidī,بنو تميم,Banū Tamīm,نجد,Najd,najd,24.5,45.5,11,SUBMISSION,العلاء بن الحضرمي,al-ʿAlāʾ ibn al-Ḥaḍramī,,,,,0.9,Voluntary support - Qays ibn ʿĀṣim provided safe passage and military support to al-ʿAlāʾ's expedition through Tamīm territory.,لقيه قيس بن عاصم المنقري التميمي، فسلم عليه ورحب به | فسار العلاء بن الحضرمي ومعه قيس بن عاصم المنقري في عشرين فارسا من بني تميم | فكان لا ينتهي إلى ماء من مياه بني سعد إلا تلقوه بالقرى والإنزال والعلوفة | في جماعة من بني تميم، وبني حنيفة,,False
W034,waqidi,al-Wāqidī,كندة,Kinda,حضرموت,Ḥaḍramawt,hadramawt,15.9,49.0,11,MIXED,زياد بن لبيد,Ziyād ibn Labīd,الأشعث بن قيس,al-Ashʿath ibn Qays,,,0.9,"Mixed situation - Kinda split into two factions: one remained loyal to Islam, another led by al-Ashʿath rejected zakāt payment and Abū Bakr's authority. Text cuts off before resolution.",عزم على محاربة أهل حضرموت من كندة | فقال له الأشعث بن قيس: يا هذا، إنا قد سمعنا كلامك ودعائك إلى هذا الرجل | وافترق القوم فرقتين، فرقة أقاموا على دين الإسلام، فلم يرجعوا وعزموا على إقام الصلاة وإيتاء الزكاة، وفرقة عزموا على منع الزكاة والعصيان | أطعنا رسول الله إذ كان وسطنا فيا عجبا ممن يطيع أبا بكر | وما لبني تيم بن مرة إمرة علينا,"B010, B029, T046, T048, T050",True
W035,waqidi,al-Wāqidī,كندة,Kinda,حضرموت,Ḥaḍramawt,hadramawt,15.9,49.0,11,SUBJUGATION,زياد بن لبيد,Ziyād ibn Labīd,الأشعث بن قيس,al-Ashʿath ibn Qays,تريم,Tarīm,0.95,"Major Ridda campaign against Kinda tribe led by al-Ashʿath. Initial defeat of Muslim forces, followed by siege at Tarīm. Eventually resolved through negotiation.",فاغتم أبو بكر رضي الله عنه لذلك غما شديدا، فقال له بعض المسلمين: يا خليفة رسول الله، هذا خالد بن الوليد مقيم بأرض اليمامة، وقد تعلم أنه رجل مظفر، فوجه به إليهم | ثم جمع أبو بكر جيشا فضمهم إلى زياد بن لبيد، وأمره بالمسير إلى القوم، فسار زياد من المدينة في أربعة ألف من المهاجرين والأنصار يريد حضرموت | فوضعوا فيهم السيوف، وقتلوا أختا لهم يقال لها العمردة واحتووا على أموالهم وقليلهم وكثيرهم | فاقتتلوا هنالك ساعة، ووقعت الهزيمة على زياد ومن معه من المسلمين، وقتل منهم على نيف من ثلاث مائة رجل,"B010, B029, T046, T048, T050",True
W036,waqidi,al-Wāqidī,بنو هند,Banū Hind,حضرموت,Ḥaḍramawt,hadramawt,15.9,49.0,11,SUBJUGATION,زياد بن لبيد,Ziyād ibn Labīd,,,,,0.9,Sub-tribe of Kinda defeated by Ziyād's forces during Ridda campaign,وسار زياد إلى حي من أحياء كندة يقال لهم بنو هند، فكبسهم وقاتلهم فوقعت الهزيمة عليهم، فقتل منهم جماعة، وولوا الأدبار، واحتوى المسلمون على نسائهم وذراريهم وأموالهم,,False
W037,waqidi,al-Wāqidī,بنو العاتك,Banū al-ʿĀtik,حضرموت,Ḥaḍramawt,hadramawt,15.9,49.0,11,SUBJUGATION,زياد بن لبيد,Ziyād ibn Labīd,,,,,0.9,Another Kinda sub-tribe subjugated through military action,ثم سار زياد بن لبيد إلى حي من أحياء كندة يقال لهم بنو العاتك، فوافاهم وهم غافلون، فلما أشرفت الخيل عليهم تصايحت النساء وخرج الرجال إلى الحرب، فاقتتلوا ساعة، ووقعت الهزيمة عليهم، فانهزموا وأسلموا ديارهم ونساءهم وأموالهم,,False
W038,waqidi,al-Wāqidī,بنو حجر,Banū Ḥajar,حضرموت,Ḥaḍramawt,hadramawt,15.9,49.0,11,SUBJUGATION,زياد بن لبيد,Ziyād ibn Labīd,,,,,0.9,"Described as the elite warriors of Kinda (جمرات كندة وفرسانهم). Heavy casualties: 200 killed, 50 captured",ثم سار زياد بن لبيد إلى حي من أحياء كندة يقال لهم بنو حجر، وهم يومئذ جمرات كندة وفرسانهم، فلم يشعروا إلا والخيل قد كبستهم في جوف الليل، فاقتتل القوم ساعة، وقتل من بني حجر مائتا رجل، وأسر منهم خمسون رجلا، وولى الباقون الأدبار,,False
W039,waqidi,al-Wāqidī,بنو جمر,Banū Jamar,حضرموت,Ḥaḍramawt,hadramawt,15.9,49.0,11,SUBJUGATION,زياد بن لبيد,Ziyād ibn Labīd,,,,,0.9,Notable for causing Muslim casualties (20 killed) before being defeated,ثم سار زياد بن لبيد إلى حي من أحياء كندة يقال لهم بنو جمر، وهم فرسان وأبطال، فالتقى القوم للقتال، فقتل من المسلمين عشرون رجلا، وقتل من بني جمر قريب من ذلك، ووقعت الهزيمة عليهم، فولوا الأدبار، وأسلموا الديار,,False
W040,waqidi,al-Wāqidī,السكاسك,al-Sakāsik,حضرموت,Ḥaḍramawt,hadramawt,15.9,49.0,11,SUBMISSION,زياد بن لبيد,Ziyād ibn Labīd,,,,,0.85,Voluntarily submitted and sought protection (استأمنوا) after hearing of other defeats,واتصل هذا الخبر بالسكاسك والسكون، وهما قبيلتان من قبائل كندة، فكأنهم اتقوا على أنفسهم، فركبوا في جوف الليل وساروا إلى زياد بن لبيد، فاستأمنوا إليه وعزموا على نصرته,,False
W041,waqidi,al-Wāqidī,السكون,al-Sukūn,حضرموت,Ḥaḍramawt,hadramawt,15.9,49.0,11,SUBMISSION,زياد بن لبيد,Ziyād ibn Labīd,,,,,0.85,"Submitted together with al-Sakāsik, both described as sub-tribes of Kinda",واتصل هذا الخبر بالسكاسك والسكون، وهما قبيلتان من قبائل كندة، فكأنهم اتقوا على أنفسهم، فركبوا في جوف الليل وساروا إلى زياد بن لبيد، فاستأمنوا إليه وعزموا على نصرته,,False
W042,waqidi,al-Wāqidī,بنو ذهل بن معاوية,Banū Dhuhl ibn Muʿāwiya,حضرموت,Ḥaḍramawt,hadramawt,15.9,49.0,11,SUBJUGATION,زياد بن لبيد,Ziyād ibn Labīd,الحارث بن معاوية,al-Ḥārith ibn Muʿāwiya,,,0.8,"Rejected Ziyād's call to submission and expelled him from their territory, nearly killing him",ثم إنه سار إلى حي من أحياء كندة، يقال لهم بنو ذهل بن معاوية، فخبرهم بما كان من قومهم إليه، ودعاهم إلى السمع والطاعة | ثم وثبوا إلى زياد وأخرجوه من ديارهم، وهموا بقتله,,False
W043,waqidi,al-Wāqidī,كندة,Kinda,حضرموت,Ḥaḍramawt,hadramawt,15.9,49.0,11,SUBJUGATION,زياد بن لبيد,Ziyād ibn Labīd,الأشعث بن قيس,al-Ashʿath ibn Qays,الرقان,al-Raqān,0.9,Initial battle where al-Ashʿath defeats Muslim forces and besieges them in Tarīm,فالتقوا بواد يقال له الرقان قريبا من مدينة تريم، فاقتتلوا هنالك ساعة | ثم حمل الأشعث بن قيس وأصحابه على جميع المسلمين، فهزمهم حتى أدخلهم مدينة تريم | ثم أقبل الأشعث بأصحابه حتى أحدقوا بالمدينة ونزلوا عليها، وحصروا زياد بن لبيد وأصحابه,"B010, B029, T046, T048, T050",True
W044,waqidi,al-Wāqidī,أهل دبا,Ahl Dubā,دبا,Dubā,uman,25.62,56.26,11,SUBJUGATION,عكرمة بن أبي جهل,ʿIkrima ibn Abī Jahl,,,دبا,Dubā,0.95,Campaign against people of Dubā who expelled their governor and were subsequently defeated and besieged by ʿIkrima,فعزموا على ذلك ووثبوا على [حذيفة بن عمرو] عامل لهم من جهة أبي بكر، فطردوه عن بلدهم | فلما ورد الكتاب على عكرمة، سار بأصحابه إلى دبا، قال: ودنا القوم بعضهم من بعض فاقتتلوا، ورزق الله الظفر لعكرمة فهزموهم | ونزل بهم عكرمة وحاصرهم وضيق عليهم، واشتد عليهم الحصار,,False
W045,waqidi,al-Wāqidī,أهل دبا,Ahl Dubā,دبا,Dubā,uman,25.62,56.26,11,SUBMISSION,عكرمة بن أبي جهل,ʿIkrima ibn Abī Jahl,,,دبا,Dubā,0.9,"Subsequent submission of Dubā after siege, agreeing to pay zakāt and surrender without weapons",فأرسلوا إلى عاملهم حذيفة بن عمرو، ويسألونه الصلح على أنهم يؤدون الزكاة ويرجعون إلى محبته | قال: فأجابوه إلى ذلك، فأرسل إليهم: أن اخرجوا الآن عن مدينتكم بلا سلاح، ففعلوا ذلك,,False
W046,waqidi,al-Wāqidī,كندة,Kinda,حضرموت,Ḥaḍramawt,hadramawt,15.9,49.0,11,SUBJUGATION,زياد بن لبيد وعكرمة بن أبي جهل,Ziyād ibn Labīd wa-ʿIkrima ibn Abī Jahl,الأشعث بن قيس,al-Ashʿath ibn Qays,النجير,al-Najīr,0.95,Major battle where combined Muslim forces under Ziyād and ʿIkrima defeat al-Ashʿath and besiege him in fortress al-Najīr,واختلطت خيل عكرمة وخيل زياد، فصاروا في موضع واحد، واجتمعوا وحملوا على الأشعث وأصحابه | ثم حملوا على الأشعث وأصحابه، كحملة رجل واحد، فهزموهم حتى ألجئوهم إلى حصنهم الأعظم | فدخل الأشعث وأصحابه إلى ذلك الحصن وأغلقوا عليهم الباب,"B010, B029, T046, T048, T050",True
W047,waqidi,al-Wāqidī,كندة,Kinda,حضرموت,Ḥaḍramawt,hadramawt,15.9,49.0,12,MIXED,زياد بن لبيد,Ziyād ibn Labīd,الأشعث بن قيس,al-Ashʿath ibn Qays,النجير,al-Najīr,0.9,Final phase involving both fierce fighting at fortress gate and negotiated surrender with amān for al-Ashʿath and select followers,فأرسل الأشعث إلى زياد أن يعطيه الأمان ولأهل بيته ولعشرة من وجوه أصحابه، فأجابه زياد إلى ذلك، وكتب بينهم الكتاب | اقتتلوا على باب الحصن قتالا لم يقاتلوا مثله في يوم من أيامهم، حتى قتل من الفريقين بشر كثير | وأثخن الأشعث بالجراحات، فولى منهزما هو وأصحابه، حتى دخلوا الحصن,"B010, B029, T046, T048, T050",True
W048,waqidi,al-Wāqidī,كندة,Kinda,حضرموت,Ḥaḍramawt,hadramawt,15.9,49.0,11,SUBJUGATION,زياد بن لبيد,Ziyād ibn Labīd,الأشعث بن قيس,al-Ashʿath ibn Qays,الحصن,al-Ḥiṣn,0.95,"The Kinda tribe under al-Ashʿath ibn Qays was subjugated after a siege. Despite negotiations for safe conduct (amān), Ziyād killed many of the defenders and sent the surviving nobles as prisoners to Abū Bakr. Al-Ashʿath was later pardoned and married to Abū Bakr's sister.",فجعل يأخذ المقاتلة ويضرب رقابهم صبرا | فلم أشبههم إلا بقتل قريظة | ثم جمع زياد بن لبيد من بقي من بقايا ملوك كندة، وهم ثمانون رجلا، فصفدهم في الحديد | واذكر وقائع حضرموت فإنها تشفي غليل الهائم المتحير,"B010, B029, T046, T048, T050",True
